{"cameraMode":{"drawMode":0,"name":"Shaded","section":"Shading Mode"},"sceneLighting":true,"audioPlay":false,"sceneViewState":{"showFog":false,"showMaterialUpdate":true,"showSkybox":true,"showFlares":true,"showImageEffects":true,"showParticleSystems":true},"in2DMode":false,"pivot":{"x":206.42254638671876,"y":22.526784896850587,"z":428.5154113769531},"rotation":{"x":-0.012733184732496739,"y":-0.987300455570221,"z":0.1088532954454422,"w":-0.11543682217597962},"size":58.977325439453128,"orthographic":false}